complex/1-single-staff-single-voice_true.xml	complex/1-single-staff-single-voice_completely.xml
complex/1-single-staff-single-voice_true.xml	complex/1-single-staff-single-voice_more.xml
complex/1-single-staff-single-voice_true.xml	complex/1-single-staff-single-voice_slightly.xml
complex/1-single-staff-single-voice_true.xml	complex/1-single-staff-single-voice_true.xml
complex/2-single-staff-multi-voice_true.xml	complex/2-single-staff-multi-voice_completely.xml
complex/2-single-staff-multi-voice_true.xml	complex/2-single-staff-multi-voice_more.xml
complex/2-single-staff-multi-voice_true.xml	complex/2-single-staff-multi-voice_slightly.xml
complex/2-single-staff-multi-voice_true.xml	complex/2-single-staff-multi-voice_true.xml
complex/3-multi-staff-single-voice_true.xml	complex/3-multi-staff-single-voice_slightly.xml
complex/3-multi-staff-single-voice_true.xml	complex/3-multi-staff-single-voice_true.xml
full-fragment/mozart_true.xml	full-fragment/mozart_dots.xml
full-fragment/mozart_true.xml	full-fragment/mozart_dots-and-rests.xml
full-fragment/mozart_true.xml	full-fragment/mozart_rests.xml
full-fragment/mozart_true.xml	full-fragment/mozart_slurs-and-ties.xml
full-fragment/mozart_true.xml	full-fragment/mozart_slurs-to-beams.xml
full-fragment/mozart_true.xml	full-fragment/mozart_true.xml
single-note/note_true.xml	single-note/note_chord.xml
single-note/note_true.xml	single-note/note_f_clef.xml
single-note/note_true.xml	single-note/note_flat.xml
single-note/note_true.xml	single-note/note_half.xml
single-note/note_true.xml	single-note/note_half_with_rest.xml
single-note/note_true.xml	single-note/note_key_nochange.xml
single-note/note_true.xml	single-note/note_key_sharp.xml
single-note/note_true.xml	single-note/note_pitch_octave.xml
single-note/note_true.xml	single-note/note_pitch_step.xml
single-note/note_true.xml	single-note/note_sharp.xml
single-note/note_true.xml	single-note/note_true.xml
note-sequence/scale_true.xml	note-sequence/scale_interruptions.xml
note-sequence/scale_true.xml	note-sequence/scale_reordered-completely.xml
note-sequence/scale_true.xml	note-sequence/scale_shifted-duration.xml
note-sequence/scale_true.xml	note-sequence/scale_swap-two.xml
note-sequence/scale_true.xml	note-sequence/scale_true.xml
note-sequence/scale_true.xml	note-sequence/scale_wrong-completely.xml
note-sequence/scale_true.xml	note-sequence/scale_wrong-two.xml
multi-part/two-part-longer_true.xml	multi-part/two-part-longer_as-one_true-notes.xml
multi-part/two-part-longer_true.xml	multi-part/two-part-longer_as-one_wrong-notes.xml
multi-part/two-part-longer_true.xml	multi-part/two-part-longer_true.xml
multi-part/two-part-longer_true.xml	multi-part/two-part-longer_wrong-notes.xml
multi-part/two-part_true.xml	multi-part/two-part_as-one_true-notes.xml
multi-part/two-part_true.xml	multi-part/two-part_as-one_wrong-notes.xml
multi-part/two-part_true.xml	multi-part/two-part_true.xml
multi-part/two-part_true.xml	multi-part/two-part_wrong-notes.xml
